<?xml version="1.0"?>
<!DOCTYPE package-info SYSTEM "http://www.simplemachines.org/xml/package-info">
<package-info xmlns="http://www.simplemachines.org/xml/package-info" xmlns:smf="http://www.simplemachines.org/">
	<id>FunCaptcha:FunCaptcha</id>
        <name>Funcaptcha for SMF</name>
        <version>1.0.0.0</version>
	<type>modification</type>
	<install>
		<require-file name="funcaptcha.php" destination="$sourcedir" />
		<require-file name="json.php" destination="$sourcedir" />
		<modification type="file">fc-language.xml</modification>
		<modification type="file">fc-install-2.xml</modification>
		<redirect url="$scripturl?action=admin;area=securitysettings;sa=spam;" timeout="1000" />
	</install>
	<uninstall>
		<modification type="file" reverse="true">fc-install-2.xml</modification>
		<modification type="file" reverse="true">fc-language.xml</modification>
		<remove-file name="$sourcedir/funcaptcha.php" />
		<remove-file name="$sourcedir/json.php" />
		<redirect url="$scripturl?action=admin;area=packages;sa=browse" timeout="1000" />
	</uninstall>
	
</package-info>
